-- MySQL dump 10.13  Distrib 8.0.41, for Linux (x86_64)
--
-- Host: localhost    Database: caballero
-- ------------------------------------------------------
-- Server version	8.0.41

/*!40101 SET @OLD_CHARACTER_SET_CLIENT=@@CHARACTER_SET_CLIENT */;
/*!40101 SET @OLD_CHARACTER_SET_RESULTS=@@CHARACTER_SET_RESULTS */;
/*!40101 SET @OLD_COLLATION_CONNECTION=@@COLLATION_CONNECTION */;
/*!50503 SET NAMES utf8mb4 */;
/*!40103 SET @OLD_TIME_ZONE=@@TIME_ZONE */;
/*!40103 SET TIME_ZONE='+00:00' */;
/*!40014 SET @OLD_UNIQUE_CHECKS=@@UNIQUE_CHECKS, UNIQUE_CHECKS=0 */;
/*!40014 SET @OLD_FOREIGN_KEY_CHECKS=@@FOREIGN_KEY_CHECKS, FOREIGN_KEY_CHECKS=0 */;
/*!40101 SET @OLD_SQL_MODE=@@SQL_MODE, SQL_MODE='NO_AUTO_VALUE_ON_ZERO' */;
/*!40111 SET @OLD_SQL_NOTES=@@SQL_NOTES, SQL_NOTES=0 */;

--
-- Table structure for table `cache`
--

DROP TABLE IF EXISTS `cache`;
/*!40101 SET @saved_cs_client     = @@character_set_client */;
/*!50503 SET character_set_client = utf8mb4 */;
CREATE TABLE `cache` (
  `key` varchar(255) COLLATE utf8mb4_unicode_ci NOT NULL,
  `value` mediumtext COLLATE utf8mb4_unicode_ci NOT NULL,
  `expiration` int NOT NULL,
  PRIMARY KEY (`key`)
) ENGINE=InnoDB DEFAULT CHARSET=utf8mb4 COLLATE=utf8mb4_unicode_ci;
/*!40101 SET character_set_client = @saved_cs_client */;

--
-- Dumping data for table `cache`
--

LOCK TABLES `cache` WRITE;
/*!40000 ALTER TABLE `cache` DISABLE KEYS */;
/*!40000 ALTER TABLE `cache` ENABLE KEYS */;
UNLOCK TABLES;

--
-- Table structure for table `cache_locks`
--

DROP TABLE IF EXISTS `cache_locks`;
/*!40101 SET @saved_cs_client     = @@character_set_client */;
/*!50503 SET character_set_client = utf8mb4 */;
CREATE TABLE `cache_locks` (
  `key` varchar(255) COLLATE utf8mb4_unicode_ci NOT NULL,
  `owner` varchar(255) COLLATE utf8mb4_unicode_ci NOT NULL,
  `expiration` int NOT NULL,
  PRIMARY KEY (`key`)
) ENGINE=InnoDB DEFAULT CHARSET=utf8mb4 COLLATE=utf8mb4_unicode_ci;
/*!40101 SET character_set_client = @saved_cs_client */;

--
-- Dumping data for table `cache_locks`
--

LOCK TABLES `cache_locks` WRITE;
/*!40000 ALTER TABLE `cache_locks` DISABLE KEYS */;
/*!40000 ALTER TABLE `cache_locks` ENABLE KEYS */;
UNLOCK TABLES;

--
-- Table structure for table `failed_jobs`
--

DROP TABLE IF EXISTS `failed_jobs`;
/*!40101 SET @saved_cs_client     = @@character_set_client */;
/*!50503 SET character_set_client = utf8mb4 */;
CREATE TABLE `failed_jobs` (
  `id` bigint unsigned NOT NULL AUTO_INCREMENT,
  `uuid` varchar(255) COLLATE utf8mb4_unicode_ci NOT NULL,
  `connection` text COLLATE utf8mb4_unicode_ci NOT NULL,
  `queue` text COLLATE utf8mb4_unicode_ci NOT NULL,
  `payload` longtext COLLATE utf8mb4_unicode_ci NOT NULL,
  `exception` longtext COLLATE utf8mb4_unicode_ci NOT NULL,
  `failed_at` timestamp NOT NULL DEFAULT CURRENT_TIMESTAMP,
  PRIMARY KEY (`id`),
  UNIQUE KEY `failed_jobs_uuid_unique` (`uuid`)
) ENGINE=InnoDB DEFAULT CHARSET=utf8mb4 COLLATE=utf8mb4_unicode_ci;
/*!40101 SET character_set_client = @saved_cs_client */;

--
-- Dumping data for table `failed_jobs`
--

LOCK TABLES `failed_jobs` WRITE;
/*!40000 ALTER TABLE `failed_jobs` DISABLE KEYS */;
/*!40000 ALTER TABLE `failed_jobs` ENABLE KEYS */;
UNLOCK TABLES;

--
-- Table structure for table `groups`
--

DROP TABLE IF EXISTS `groups`;
/*!40101 SET @saved_cs_client     = @@character_set_client */;
/*!50503 SET character_set_client = utf8mb4 */;
CREATE TABLE `groups` (
  `id` bigint unsigned NOT NULL AUTO_INCREMENT,
  `name` varchar(255) COLLATE utf8mb4_unicode_ci NOT NULL,
  `permissions` json NOT NULL,
  `created_at` timestamp NULL DEFAULT NULL,
  `updated_at` timestamp NULL DEFAULT NULL,
  PRIMARY KEY (`id`)
) ENGINE=InnoDB AUTO_INCREMENT=2 DEFAULT CHARSET=utf8mb4 COLLATE=utf8mb4_unicode_ci;
/*!40101 SET character_set_client = @saved_cs_client */;

--
-- Dumping data for table `groups`
--

LOCK TABLES `groups` WRITE;
/*!40000 ALTER TABLE `groups` DISABLE KEYS */;
INSERT INTO `groups` VALUES (1,'User','[\"home\", \"logout\", \"profile\", \"permissions\", \"orders_list\", \"users_list\"]','2025-03-01 01:31:14','2025-03-01 01:31:14');
/*!40000 ALTER TABLE `groups` ENABLE KEYS */;
UNLOCK TABLES;

--
-- Table structure for table `job_batches`
--

DROP TABLE IF EXISTS `job_batches`;
/*!40101 SET @saved_cs_client     = @@character_set_client */;
/*!50503 SET character_set_client = utf8mb4 */;
CREATE TABLE `job_batches` (
  `id` varchar(255) COLLATE utf8mb4_unicode_ci NOT NULL,
  `name` varchar(255) COLLATE utf8mb4_unicode_ci NOT NULL,
  `total_jobs` int NOT NULL,
  `pending_jobs` int NOT NULL,
  `failed_jobs` int NOT NULL,
  `failed_job_ids` longtext COLLATE utf8mb4_unicode_ci NOT NULL,
  `options` mediumtext COLLATE utf8mb4_unicode_ci,
  `cancelled_at` int DEFAULT NULL,
  `created_at` int NOT NULL,
  `finished_at` int DEFAULT NULL,
  PRIMARY KEY (`id`)
) ENGINE=InnoDB DEFAULT CHARSET=utf8mb4 COLLATE=utf8mb4_unicode_ci;
/*!40101 SET character_set_client = @saved_cs_client */;

--
-- Dumping data for table `job_batches`
--

LOCK TABLES `job_batches` WRITE;
/*!40000 ALTER TABLE `job_batches` DISABLE KEYS */;
/*!40000 ALTER TABLE `job_batches` ENABLE KEYS */;
UNLOCK TABLES;

--
-- Table structure for table `jobs`
--

DROP TABLE IF EXISTS `jobs`;
/*!40101 SET @saved_cs_client     = @@character_set_client */;
/*!50503 SET character_set_client = utf8mb4 */;
CREATE TABLE `jobs` (
  `id` bigint unsigned NOT NULL AUTO_INCREMENT,
  `queue` varchar(255) COLLATE utf8mb4_unicode_ci NOT NULL,
  `payload` longtext COLLATE utf8mb4_unicode_ci NOT NULL,
  `attempts` tinyint unsigned NOT NULL,
  `reserved_at` int unsigned DEFAULT NULL,
  `available_at` int unsigned NOT NULL,
  `created_at` int unsigned NOT NULL,
  PRIMARY KEY (`id`),
  KEY `jobs_queue_index` (`queue`)
) ENGINE=InnoDB DEFAULT CHARSET=utf8mb4 COLLATE=utf8mb4_unicode_ci;
/*!40101 SET character_set_client = @saved_cs_client */;

--
-- Dumping data for table `jobs`
--

LOCK TABLES `jobs` WRITE;
/*!40000 ALTER TABLE `jobs` DISABLE KEYS */;
/*!40000 ALTER TABLE `jobs` ENABLE KEYS */;
UNLOCK TABLES;

--
-- Table structure for table `migrations`
--

DROP TABLE IF EXISTS `migrations`;
/*!40101 SET @saved_cs_client     = @@character_set_client */;
/*!50503 SET character_set_client = utf8mb4 */;
CREATE TABLE `migrations` (
  `id` int unsigned NOT NULL AUTO_INCREMENT,
  `migration` varchar(255) COLLATE utf8mb4_unicode_ci NOT NULL,
  `batch` int NOT NULL,
  PRIMARY KEY (`id`)
) ENGINE=InnoDB AUTO_INCREMENT=8 DEFAULT CHARSET=utf8mb4 COLLATE=utf8mb4_unicode_ci;
/*!40101 SET character_set_client = @saved_cs_client */;

--
-- Dumping data for table `migrations`
--

LOCK TABLES `migrations` WRITE;
/*!40000 ALTER TABLE `migrations` DISABLE KEYS */;
INSERT INTO `migrations` VALUES (1,'0001_01_01_000000_create_users_table',1),(2,'0001_01_01_000001_create_cache_table',1),(3,'0001_01_01_000002_create_jobs_table',1),(4,'2025_02_28_162523_create_personal_access_tokens_table',1),(5,'2025_02_28_180042_create_groups_table',1),(6,'2025_02_28_180043_add_group_id_to_users_table',1),(7,'2025_02_28_232116_create_orders_table',1);
/*!40000 ALTER TABLE `migrations` ENABLE KEYS */;
UNLOCK TABLES;

--
-- Table structure for table `orders`
--

DROP TABLE IF EXISTS `orders`;
/*!40101 SET @saved_cs_client     = @@character_set_client */;
/*!50503 SET character_set_client = utf8mb4 */;
CREATE TABLE `orders` (
  `id` bigint unsigned NOT NULL AUTO_INCREMENT,
  `user_id` bigint unsigned NOT NULL,
  `order_number` varchar(255) COLLATE utf8mb4_unicode_ci NOT NULL,
  `total` decimal(8,2) NOT NULL,
  `status` varchar(255) COLLATE utf8mb4_unicode_ci NOT NULL DEFAULT 'pending',
  `order_date` timestamp NULL DEFAULT NULL,
  `created_at` timestamp NULL DEFAULT NULL,
  `updated_at` timestamp NULL DEFAULT NULL,
  PRIMARY KEY (`id`),
  UNIQUE KEY `orders_order_number_unique` (`order_number`),
  KEY `orders_user_id_total_index` (`user_id`,`total`),
  KEY `orders_user_id_index` (`user_id`),
  CONSTRAINT `orders_user_id_foreign` FOREIGN KEY (`user_id`) REFERENCES `users` (`id`) ON DELETE CASCADE
) ENGINE=InnoDB AUTO_INCREMENT=442 DEFAULT CHARSET=utf8mb4 COLLATE=utf8mb4_unicode_ci;
/*!40101 SET character_set_client = @saved_cs_client */;

--
-- Dumping data for table `orders`
--

LOCK TABLES `orders` WRITE;
/*!40000 ALTER TABLE `orders` DISABLE KEYS */;
INSERT INTO `orders` VALUES (1,1,'ORD-5548823693465',451.76,'cancelled','2024-08-01 18:54:56','2025-03-01 01:31:14','2025-03-01 01:31:14'),(2,1,'ORD-7539314626472',443.81,'cancelled','2025-01-12 21:45:58','2025-03-01 01:31:14','2025-03-01 01:31:14'),(3,1,'ORD-0395489746548',373.96,'completed','2024-05-20 15:32:19','2025-03-01 01:31:14','2025-03-01 01:31:14'),(4,1,'ORD-4719107359276',36.45,'completed','2024-03-29 12:53:59','2025-03-01 01:31:14','2025-03-01 01:31:14'),(5,1,'ORD-8049464330012',335.83,'cancelled','2024-12-01 02:39:42','2025-03-01 01:31:14','2025-03-01 01:31:14'),(6,1,'ORD-8554704151117',327.40,'completed','2024-10-28 05:55:29','2025-03-01 01:31:14','2025-03-01 01:31:14'),(7,1,'ORD-5789572165510',19.65,'cancelled','2024-07-14 13:46:19','2025-03-01 01:31:14','2025-03-01 01:31:14'),(8,1,'ORD-0675922870322',432.49,'cancelled','2024-03-08 13:45:11','2025-03-01 01:31:14','2025-03-01 01:31:14'),(9,1,'ORD-0074608151530',104.29,'completed','2024-03-04 22:35:25','2025-03-01 01:31:14','2025-03-01 01:31:14'),(10,1,'ORD-3495112380278',496.34,'pending','2024-08-17 13:39:08','2025-03-01 01:31:14','2025-03-01 01:31:14'),(11,1,'ORD-6723252337714',98.36,'cancelled','2025-02-11 22:34:01','2025-03-01 01:31:14','2025-03-01 01:31:14'),(12,1,'ORD-4543890788376',321.92,'pending','2024-08-16 10:22:10','2025-03-01 01:31:14','2025-03-01 01:31:14'),(13,1,'ORD-4868554977488',13.48,'completed','2024-11-22 19:12:44','2025-03-01 01:31:14','2025-03-01 01:31:14'),(14,1,'ORD-0602862776923',111.48,'completed','2024-04-13 12:06:50','2025-03-01 01:31:14','2025-03-01 01:31:14'),(15,1,'ORD-4823248872417',12.02,'cancelled','2024-12-26 06:00:34','2025-03-01 01:31:14','2025-03-01 01:31:14'),(16,1,'ORD-3876785519475',211.99,'pending','2024-04-24 08:42:59','2025-03-01 01:31:14','2025-03-01 01:31:14'),(17,1,'ORD-9227859806637',307.35,'pending','2024-04-20 20:07:18','2025-03-01 01:31:14','2025-03-01 01:31:14'),(18,1,'ORD-1480461980640',475.47,'cancelled','2024-04-23 21:25:05','2025-03-01 01:31:15','2025-03-01 01:31:15'),(19,1,'ORD-0755210987304',334.13,'cancelled','2024-06-27 22:04:29','2025-03-01 01:31:15','2025-03-01 01:31:15'),(20,1,'ORD-4471189684884',216.76,'cancelled','2024-03-13 11:42:39','2025-03-01 01:31:15','2025-03-01 01:31:15'),(21,1,'ORD-7122641790297',406.82,'pending','2024-10-15 04:06:45','2025-03-01 01:31:15','2025-03-01 01:31:15'),(22,1,'ORD-6881489521426',431.98,'pending','2024-09-10 06:54:44','2025-03-01 01:31:15','2025-03-01 01:31:15'),(23,1,'ORD-4939613640059',219.86,'cancelled','2024-03-05 10:02:14','2025-03-01 01:31:15','2025-03-01 01:31:15'),(24,1,'ORD-2328980708304',265.49,'cancelled','2024-03-20 19:39:29','2025-03-01 01:31:15','2025-03-01 01:31:15'),(25,1,'ORD-1120308486991',337.08,'completed','2024-08-10 17:42:29','2025-03-01 01:31:15','2025-03-01 01:31:15'),(26,1,'ORD-4765647792302',427.37,'completed','2024-05-27 16:27:44','2025-03-01 01:31:15','2025-03-01 01:31:15'),(27,1,'ORD-5058265906924',125.23,'completed','2024-10-04 00:09:22','2025-03-01 01:31:15','2025-03-01 01:31:15'),(28,1,'ORD-9771722769135',314.82,'pending','2024-10-22 23:02:00','2025-03-01 01:31:15','2025-03-01 01:31:15'),(29,1,'ORD-8003726417884',48.52,'pending','2025-01-28 15:07:13','2025-03-01 01:31:15','2025-03-01 01:31:15'),(30,1,'ORD-5272901933076',32.02,'cancelled','2025-01-29 08:49:25','2025-03-01 01:31:15','2025-03-01 01:31:15'),(31,1,'ORD-1336222185492',197.60,'pending','2024-09-13 10:56:44','2025-03-01 01:31:15','2025-03-01 01:31:15'),(32,1,'ORD-0610497322581',22.95,'pending','2024-07-19 19:19:49','2025-03-01 01:31:15','2025-03-01 01:31:15'),(33,1,'ORD-0438864988411',387.62,'pending','2024-03-18 20:55:07','2025-03-01 01:31:15','2025-03-01 01:31:15'),(34,1,'ORD-7210734927352',232.06,'pending','2024-08-14 03:31:29','2025-03-01 01:31:15','2025-03-01 01:31:15'),(35,1,'ORD-0131519158357',289.28,'pending','2024-05-20 17:02:46','2025-03-01 01:31:15','2025-03-01 01:31:15'),(36,1,'ORD-9646072324724',374.34,'completed','2024-12-16 10:50:14','2025-03-01 01:31:15','2025-03-01 01:31:15'),(37,1,'ORD-7354347087415',469.19,'pending','2024-08-04 20:37:40','2025-03-01 01:31:15','2025-03-01 01:31:15'),(38,1,'ORD-6056019947272',324.78,'completed','2024-12-10 07:07:08','2025-03-01 01:31:15','2025-03-01 01:31:15'),(39,1,'ORD-2666212200290',366.61,'cancelled','2024-06-06 05:26:41','2025-03-01 01:31:15','2025-03-01 01:31:15'),(40,1,'ORD-0563067042393',219.00,'pending','2024-05-24 02:27:29','2025-03-01 01:31:15','2025-03-01 01:31:15'),(41,1,'ORD-4001851683068',14.66,'cancelled','2024-05-03 20:31:27','2025-03-01 01:31:15','2025-03-01 01:31:15'),(42,1,'ORD-8739327053590',158.02,'cancelled','2024-07-19 17:18:02','2025-03-01 01:31:15','2025-03-01 01:31:15'),(43,1,'ORD-5880262240164',77.05,'completed','2024-11-09 13:41:46','2025-03-01 01:31:15','2025-03-01 01:31:15'),(44,1,'ORD-9097092789383',262.10,'completed','2024-03-29 12:30:22','2025-03-01 01:31:15','2025-03-01 01:31:15'),(45,1,'ORD-3893281234387',468.14,'cancelled','2024-03-25 12:11:45','2025-03-01 01:31:15','2025-03-01 01:31:15'),(46,1,'ORD-8509208126601',220.01,'completed','2024-12-26 23:31:08','2025-03-01 01:31:15','2025-03-01 01:31:15'),(47,1,'ORD-0380694078403',110.61,'completed','2024-08-06 20:36:21','2025-03-01 01:31:15','2025-03-01 01:31:15'),(48,1,'ORD-5246501509430',320.72,'completed','2024-07-17 20:31:52','2025-03-01 01:31:15','2025-03-01 01:31:15'),(49,1,'ORD-6228538337337',118.89,'completed','2024-04-27 19:30:01','2025-03-01 01:31:15','2025-03-01 01:31:15'),(50,1,'ORD-2925724778186',385.59,'completed','2024-04-24 22:14:30','2025-03-01 01:31:15','2025-03-01 01:31:15'),(51,1,'ORD-2124297781066',72.79,'pending','2024-03-25 07:52:56','2025-03-01 01:31:15','2025-03-01 01:31:15'),(52,1,'ORD-5769359764710',328.05,'completed','2024-03-28 20:13:20','2025-03-01 01:31:15','2025-03-01 01:31:15'),(53,1,'ORD-9802334679837',66.22,'completed','2024-10-29 05:03:35','2025-03-01 01:31:15','2025-03-01 01:31:15'),(54,1,'ORD-1919769754065',366.72,'cancelled','2025-02-24 23:28:53','2025-03-01 01:31:15','2025-03-01 01:31:15'),(55,1,'ORD-8934464014954',155.84,'cancelled','2025-02-15 19:37:18','2025-03-01 01:31:15','2025-03-01 01:31:15'),(56,1,'ORD-0688528136417',36.65,'completed','2024-07-29 22:24:42','2025-03-01 01:31:15','2025-03-01 01:31:15'),(57,1,'ORD-4133545614872',77.30,'cancelled','2024-09-01 05:24:50','2025-03-01 01:31:15','2025-03-01 01:31:15'),(58,1,'ORD-9986304746879',402.82,'cancelled','2024-09-09 19:13:41','2025-03-01 01:31:15','2025-03-01 01:31:15'),(59,1,'ORD-6638775324201',226.77,'cancelled','2024-05-20 06:10:22','2025-03-01 01:31:15','2025-03-01 01:31:15'),(60,1,'ORD-9858430436807',25.53,'pending','2025-02-23 22:04:53','2025-03-01 01:31:15','2025-03-01 01:31:15'),(61,1,'ORD-2126850326767',470.48,'completed','2024-05-06 20:02:24','2025-03-01 01:31:15','2025-03-01 01:31:15'),(62,1,'ORD-4250917924417',426.35,'pending','2024-11-24 05:46:57','2025-03-01 01:31:15','2025-03-01 01:31:15'),(63,1,'ORD-9251821817419',462.33,'cancelled','2025-02-05 15:17:43','2025-03-01 01:31:15','2025-03-01 01:31:15'),(64,1,'ORD-0424161762739',162.18,'completed','2024-09-18 18:43:41','2025-03-01 01:31:15','2025-03-01 01:31:15'),(65,1,'ORD-9655039351343',134.84,'pending','2024-03-18 15:25:53','2025-03-01 01:31:15','2025-03-01 01:31:15'),(66,1,'ORD-5590890882676',362.89,'cancelled','2024-11-12 12:38:34','2025-03-01 01:31:15','2025-03-01 01:31:15'),(67,1,'ORD-6072769159894',361.34,'completed','2025-01-09 16:45:48','2025-03-01 01:31:15','2025-03-01 01:31:15'),(68,1,'ORD-8799682052225',184.93,'cancelled','2024-10-16 15:41:04','2025-03-01 01:31:15','2025-03-01 01:31:15'),(69,1,'ORD-8402507860633',379.19,'cancelled','2024-12-24 04:18:31','2025-03-01 01:31:15','2025-03-01 01:31:15'),(70,1,'ORD-6773914880974',416.62,'completed','2025-01-25 21:20:26','2025-03-01 01:31:15','2025-03-01 01:31:15'),(71,1,'ORD-8261966335022',17.19,'completed','2024-04-21 17:09:55','2025-03-01 01:31:15','2025-03-01 01:31:15'),(72,1,'ORD-8780940501063',156.53,'pending','2024-10-12 10:36:02','2025-03-01 01:31:15','2025-03-01 01:31:15'),(73,1,'ORD-7646877526972',325.64,'pending','2025-01-19 18:10:06','2025-03-01 01:31:15','2025-03-01 01:31:15'),(74,1,'ORD-7437632153372',438.57,'cancelled','2025-02-27 13:48:46','2025-03-01 01:31:15','2025-03-01 01:31:15'),(75,1,'ORD-9511068893594',381.70,'completed','2024-11-03 02:35:33','2025-03-01 01:31:15','2025-03-01 01:31:15'),(76,1,'ORD-6419935059221',63.34,'pending','2025-02-21 07:17:35','2025-03-01 01:31:15','2025-03-01 01:31:15'),(77,1,'ORD-1605252759203',498.31,'pending','2024-10-10 05:19:15','2025-03-01 01:31:15','2025-03-01 01:31:15'),(78,1,'ORD-1676241839514',332.35,'cancelled','2024-08-17 19:46:16','2025-03-01 01:31:15','2025-03-01 01:31:15'),(79,1,'ORD-9277883053433',55.62,'cancelled','2024-03-12 01:02:19','2025-03-01 01:31:15','2025-03-01 01:31:15'),(80,1,'ORD-3459869434096',208.65,'pending','2024-09-24 01:38:12','2025-03-01 01:31:15','2025-03-01 01:31:15'),(81,1,'ORD-4650629607041',311.49,'completed','2024-11-27 05:19:09','2025-03-01 01:31:16','2025-03-01 01:31:16'),(82,1,'ORD-0227587376450',234.43,'cancelled','2024-03-23 13:27:53','2025-03-01 01:31:16','2025-03-01 01:31:16'),(83,1,'ORD-8998757315742',91.42,'cancelled','2025-01-22 20:26:10','2025-03-01 01:31:16','2025-03-01 01:31:16'),(84,1,'ORD-5656465703785',415.70,'completed','2024-10-06 04:42:18','2025-03-01 01:31:16','2025-03-01 01:31:16'),(85,1,'ORD-1732147528928',477.90,'cancelled','2025-02-17 06:23:44','2025-03-01 01:31:16','2025-03-01 01:31:16'),(86,1,'ORD-6774603896913',487.47,'pending','2025-01-08 01:23:19','2025-03-01 01:31:16','2025-03-01 01:31:16'),(87,1,'ORD-2064790127902',110.66,'cancelled','2024-08-25 06:56:35','2025-03-01 01:31:16','2025-03-01 01:31:16'),(88,1,'ORD-5206333951705',392.25,'pending','2024-06-26 19:15:15','2025-03-01 01:31:16','2025-03-01 01:31:16'),(89,1,'ORD-2175351126856',103.29,'completed','2025-01-26 08:13:40','2025-03-01 01:31:16','2025-03-01 01:31:16'),(90,1,'ORD-8725499792999',428.64,'completed','2024-03-20 01:29:27','2025-03-01 01:31:16','2025-03-01 01:31:16'),(91,1,'ORD-4140518298668',440.62,'completed','2025-01-23 14:37:36','2025-03-01 01:31:16','2025-03-01 01:31:16'),(92,1,'ORD-8368188035991',448.00,'pending','2024-06-29 20:24:27','2025-03-01 01:31:16','2025-03-01 01:31:16'),(93,1,'ORD-3740921818111',220.88,'pending','2024-05-18 20:36:00','2025-03-01 01:31:16','2025-03-01 01:31:16'),(94,1,'ORD-5166014991959',70.30,'completed','2024-12-14 14:38:44','2025-03-01 01:31:16','2025-03-01 01:31:16'),(95,1,'ORD-9935859791479',258.85,'cancelled','2025-02-18 08:56:28','2025-03-01 01:31:16','2025-03-01 01:31:16'),(96,1,'ORD-9840976248453',302.79,'completed','2024-09-23 19:24:04','2025-03-01 01:31:16','2025-03-01 01:31:16'),(97,2,'ORD-2163435451558',251.78,'completed','2024-10-07 18:13:05','2025-03-01 01:31:16','2025-03-01 01:31:16'),(98,2,'ORD-1420261933144',360.84,'completed','2024-10-28 16:27:58','2025-03-01 01:31:16','2025-03-01 01:31:16'),(99,2,'ORD-3346219328494',252.34,'completed','2024-06-13 23:36:02','2025-03-01 01:31:16','2025-03-01 01:31:16'),(100,2,'ORD-1962234497166',243.08,'completed','2024-07-25 12:33:43','2025-03-01 01:31:16','2025-03-01 01:31:16'),(101,2,'ORD-5500352783107',180.07,'pending','2024-09-15 20:53:20','2025-03-01 01:31:16','2025-03-01 01:31:16'),(102,2,'ORD-2685942757158',115.30,'pending','2024-09-10 10:24:08','2025-03-01 01:31:16','2025-03-01 01:31:16'),(103,2,'ORD-6831172447651',115.10,'completed','2024-04-14 13:32:22','2025-03-01 01:31:16','2025-03-01 01:31:16'),(104,2,'ORD-0439099502970',93.00,'cancelled','2024-05-24 01:01:46','2025-03-01 01:31:16','2025-03-01 01:31:16'),(105,2,'ORD-3476040155324',293.24,'cancelled','2024-12-01 12:48:08','2025-03-01 01:31:16','2025-03-01 01:31:16'),(106,2,'ORD-0962015748992',253.88,'pending','2024-04-15 15:28:15','2025-03-01 01:31:16','2025-03-01 01:31:16'),(107,2,'ORD-7459794255206',454.81,'cancelled','2024-05-10 02:57:53','2025-03-01 01:31:16','2025-03-01 01:31:16'),(108,2,'ORD-9256828817303',337.17,'completed','2024-06-04 22:09:26','2025-03-01 01:31:16','2025-03-01 01:31:16'),(109,2,'ORD-2562569377629',189.20,'completed','2024-05-13 20:48:56','2025-03-01 01:31:16','2025-03-01 01:31:16'),(110,2,'ORD-2894810263103',463.40,'pending','2024-05-27 02:15:40','2025-03-01 01:31:16','2025-03-01 01:31:16'),(111,2,'ORD-8001316402811',213.12,'completed','2024-11-05 12:12:27','2025-03-01 01:31:16','2025-03-01 01:31:16'),(112,2,'ORD-7803035846831',346.81,'pending','2024-07-28 00:16:03','2025-03-01 01:31:16','2025-03-01 01:31:16'),(113,2,'ORD-0002933729342',334.89,'cancelled','2024-10-23 21:14:49','2025-03-01 01:31:16','2025-03-01 01:31:16'),(114,3,'ORD-1795856467923',183.46,'completed','2024-05-20 15:42:39','2025-03-01 01:31:16','2025-03-01 01:31:16'),(115,3,'ORD-5462645617228',365.95,'completed','2024-10-30 15:02:50','2025-03-01 01:31:16','2025-03-01 01:31:16'),(116,3,'ORD-5878136722278',139.67,'pending','2024-03-04 14:49:54','2025-03-01 01:31:16','2025-03-01 01:31:16'),(117,3,'ORD-8477992551251',23.12,'pending','2025-01-01 19:08:35','2025-03-01 01:31:16','2025-03-01 01:31:16'),(118,3,'ORD-5461357746307',136.56,'pending','2024-08-31 09:22:16','2025-03-01 01:31:16','2025-03-01 01:31:16'),(119,3,'ORD-8251366577292',382.62,'pending','2024-08-10 17:51:29','2025-03-01 01:31:16','2025-03-01 01:31:16'),(120,3,'ORD-8425811157639',30.87,'pending','2024-07-26 15:41:16','2025-03-01 01:31:16','2025-03-01 01:31:16'),(121,3,'ORD-9928323476258',55.66,'pending','2025-02-14 17:45:49','2025-03-01 01:31:16','2025-03-01 01:31:16'),(122,3,'ORD-0479592764506',212.28,'pending','2024-08-10 10:12:23','2025-03-01 01:31:16','2025-03-01 01:31:16'),(123,3,'ORD-9673978595013',149.52,'cancelled','2024-09-15 04:36:09','2025-03-01 01:31:16','2025-03-01 01:31:16'),(124,3,'ORD-7072672786137',341.10,'cancelled','2024-04-26 05:28:12','2025-03-01 01:31:16','2025-03-01 01:31:16'),(125,3,'ORD-6599818391046',341.07,'pending','2024-04-12 20:28:15','2025-03-01 01:31:16','2025-03-01 01:31:16'),(126,3,'ORD-0004429613980',91.21,'completed','2024-05-01 15:57:02','2025-03-01 01:31:16','2025-03-01 01:31:16'),(127,3,'ORD-4586980623630',377.94,'pending','2025-02-11 06:24:05','2025-03-01 01:31:16','2025-03-01 01:31:16'),(128,4,'ORD-9326000683042',413.67,'completed','2024-12-14 09:58:21','2025-03-01 01:31:16','2025-03-01 01:31:16'),(129,4,'ORD-2238158064410',120.75,'pending','2024-08-06 23:25:30','2025-03-01 01:31:16','2025-03-01 01:31:16'),(130,4,'ORD-3260487439754',95.70,'pending','2024-10-24 09:22:21','2025-03-01 01:31:16','2025-03-01 01:31:16'),(131,4,'ORD-1616494191966',122.97,'completed','2024-11-13 12:59:46','2025-03-01 01:31:16','2025-03-01 01:31:16'),(132,4,'ORD-9199308758679',53.51,'completed','2025-01-11 21:20:39','2025-03-01 01:31:16','2025-03-01 01:31:16'),(133,4,'ORD-3700224118831',203.27,'cancelled','2024-10-21 19:00:30','2025-03-01 01:31:16','2025-03-01 01:31:16'),(134,4,'ORD-0188755525664',253.84,'pending','2024-10-15 21:39:05','2025-03-01 01:31:16','2025-03-01 01:31:16'),(135,4,'ORD-3971011393911',238.79,'completed','2024-03-02 16:33:21','2025-03-01 01:31:16','2025-03-01 01:31:16'),(136,4,'ORD-6247295659431',75.09,'pending','2024-07-24 11:33:26','2025-03-01 01:31:16','2025-03-01 01:31:16'),(137,4,'ORD-1991185004415',189.50,'pending','2024-04-17 21:45:40','2025-03-01 01:31:16','2025-03-01 01:31:16'),(138,4,'ORD-2379523392518',498.41,'cancelled','2024-06-03 00:49:02','2025-03-01 01:31:16','2025-03-01 01:31:16'),(139,4,'ORD-1902105127320',85.82,'pending','2024-04-18 04:28:02','2025-03-01 01:31:16','2025-03-01 01:31:16'),(140,4,'ORD-3139081111704',265.17,'cancelled','2025-01-11 11:00:26','2025-03-01 01:31:16','2025-03-01 01:31:16'),(141,4,'ORD-2949602579472',138.41,'pending','2024-10-26 07:46:13','2025-03-01 01:31:16','2025-03-01 01:31:16'),(142,4,'ORD-4124279700766',485.55,'cancelled','2024-04-08 10:48:59','2025-03-01 01:31:16','2025-03-01 01:31:16'),(143,4,'ORD-4911355914122',276.62,'cancelled','2025-02-11 12:43:15','2025-03-01 01:31:16','2025-03-01 01:31:16'),(144,4,'ORD-2847771341401',385.26,'cancelled','2024-10-05 16:19:16','2025-03-01 01:31:16','2025-03-01 01:31:16'),(145,4,'ORD-1666951366517',420.69,'cancelled','2024-12-04 07:59:26','2025-03-01 01:31:16','2025-03-01 01:31:16'),(146,4,'ORD-4208573345293',384.34,'cancelled','2024-03-17 19:57:08','2025-03-01 01:31:16','2025-03-01 01:31:16'),(147,4,'ORD-2963377840899',178.62,'completed','2024-04-22 00:45:38','2025-03-01 01:31:17','2025-03-01 01:31:17'),(148,4,'ORD-5877370498133',98.74,'pending','2024-03-04 14:40:35','2025-03-01 01:31:17','2025-03-01 01:31:17'),(149,4,'ORD-8320462793269',327.96,'cancelled','2024-11-07 05:17:06','2025-03-01 01:31:17','2025-03-01 01:31:17'),(150,4,'ORD-4773404408082',78.78,'pending','2024-06-15 10:46:08','2025-03-01 01:31:17','2025-03-01 01:31:17'),(151,4,'ORD-8299846034977',489.02,'completed','2025-01-18 12:21:15','2025-03-01 01:31:17','2025-03-01 01:31:17'),(152,4,'ORD-6098351552832',303.45,'completed','2024-08-01 07:49:29','2025-03-01 01:31:17','2025-03-01 01:31:17'),(153,4,'ORD-7043771101723',316.88,'pending','2024-05-12 12:34:29','2025-03-01 01:31:17','2025-03-01 01:31:17'),(154,4,'ORD-6437551919474',147.64,'cancelled','2024-03-22 16:37:58','2025-03-01 01:31:17','2025-03-01 01:31:17'),(155,4,'ORD-7568130361815',419.53,'pending','2024-06-28 14:31:21','2025-03-01 01:31:17','2025-03-01 01:31:17'),(156,4,'ORD-5707574088563',313.26,'completed','2024-09-16 17:55:03','2025-03-01 01:31:17','2025-03-01 01:31:17'),(157,4,'ORD-6604931438139',478.49,'cancelled','2024-07-21 04:25:07','2025-03-01 01:31:17','2025-03-01 01:31:17'),(158,4,'ORD-5401217252992',449.88,'pending','2025-01-06 02:18:51','2025-03-01 01:31:17','2025-03-01 01:31:17'),(159,4,'ORD-4295533826689',164.56,'pending','2024-12-02 13:16:49','2025-03-01 01:31:17','2025-03-01 01:31:17'),(160,4,'ORD-5944134792354',17.33,'pending','2024-08-04 03:38:21','2025-03-01 01:31:17','2025-03-01 01:31:17'),(161,4,'ORD-3068620058760',383.17,'completed','2024-07-19 15:39:01','2025-03-01 01:31:17','2025-03-01 01:31:17'),(162,4,'ORD-7404119503227',185.68,'cancelled','2024-06-21 05:43:27','2025-03-01 01:31:17','2025-03-01 01:31:17'),(163,4,'ORD-8182883899495',270.71,'pending','2025-02-12 17:25:27','2025-03-01 01:31:17','2025-03-01 01:31:17'),(164,4,'ORD-3089361595058',152.74,'pending','2024-07-23 22:42:15','2025-03-01 01:31:17','2025-03-01 01:31:17'),(165,4,'ORD-2083510143169',85.18,'completed','2024-11-04 03:33:41','2025-03-01 01:31:17','2025-03-01 01:31:17'),(166,4,'ORD-6569493580643',113.84,'pending','2024-04-03 18:59:21','2025-03-01 01:31:17','2025-03-01 01:31:17'),(167,4,'ORD-2506735767167',249.12,'completed','2024-04-23 21:37:14','2025-03-01 01:31:17','2025-03-01 01:31:17'),(168,4,'ORD-7182857122577',419.80,'cancelled','2024-05-13 14:09:19','2025-03-01 01:31:17','2025-03-01 01:31:17'),(169,4,'ORD-3144293574402',207.32,'cancelled','2024-08-08 20:56:58','2025-03-01 01:31:17','2025-03-01 01:31:17'),(170,4,'ORD-3013070867145',12.31,'completed','2024-06-08 12:03:16','2025-03-01 01:31:17','2025-03-01 01:31:17'),(171,4,'ORD-8761923994392',331.17,'completed','2024-09-29 14:41:54','2025-03-01 01:31:17','2025-03-01 01:31:17'),(172,4,'ORD-1314580306777',355.08,'pending','2024-10-31 13:45:43','2025-03-01 01:31:17','2025-03-01 01:31:17'),(173,4,'ORD-9304391474408',491.09,'completed','2024-08-24 21:57:32','2025-03-01 01:31:17','2025-03-01 01:31:17'),(174,4,'ORD-2481635218707',165.54,'cancelled','2024-03-03 01:34:47','2025-03-01 01:31:17','2025-03-01 01:31:17'),(175,4,'ORD-0405750280123',203.54,'pending','2024-06-22 06:09:38','2025-03-01 01:31:17','2025-03-01 01:31:17'),(176,4,'ORD-3928599665432',409.42,'completed','2024-05-31 03:29:25','2025-03-01 01:31:17','2025-03-01 01:31:17'),(177,4,'ORD-5925838580358',149.98,'cancelled','2024-12-28 17:05:36','2025-03-01 01:31:17','2025-03-01 01:31:17'),(178,4,'ORD-4169193481009',469.10,'completed','2024-09-10 13:42:08','2025-03-01 01:31:17','2025-03-01 01:31:17'),(179,4,'ORD-6471748833285',45.99,'pending','2024-09-24 22:04:48','2025-03-01 01:31:17','2025-03-01 01:31:17'),(180,4,'ORD-8298296192186',218.69,'pending','2024-11-26 09:15:54','2025-03-01 01:31:17','2025-03-01 01:31:17'),(181,4,'ORD-6364853933817',443.11,'cancelled','2024-07-23 18:16:54','2025-03-01 01:31:17','2025-03-01 01:31:17'),(182,4,'ORD-6064492691451',458.46,'completed','2025-01-27 04:07:12','2025-03-01 01:31:17','2025-03-01 01:31:17'),(183,4,'ORD-4057786582093',312.33,'completed','2024-10-15 17:18:27','2025-03-01 01:31:17','2025-03-01 01:31:17'),(184,4,'ORD-7510292344567',248.65,'cancelled','2024-04-13 17:35:37','2025-03-01 01:31:17','2025-03-01 01:31:17'),(185,4,'ORD-4281391612362',20.25,'cancelled','2024-09-27 20:29:52','2025-03-01 01:31:17','2025-03-01 01:31:17'),(186,4,'ORD-7894890566949',115.15,'pending','2024-06-23 02:10:29','2025-03-01 01:31:17','2025-03-01 01:31:17'),(187,4,'ORD-5196516800614',154.53,'cancelled','2025-01-24 18:26:34','2025-03-01 01:31:17','2025-03-01 01:31:17'),(188,4,'ORD-9891239664873',138.74,'pending','2025-01-27 07:41:57','2025-03-01 01:31:17','2025-03-01 01:31:17'),(189,4,'ORD-6388136514299',254.15,'cancelled','2024-07-07 06:54:29','2025-03-01 01:31:17','2025-03-01 01:31:17'),(190,4,'ORD-2811491428205',247.51,'completed','2025-02-23 05:08:57','2025-03-01 01:31:17','2025-03-01 01:31:17'),(191,4,'ORD-7115681899128',131.21,'pending','2024-11-02 03:23:12','2025-03-01 01:31:17','2025-03-01 01:31:17'),(192,4,'ORD-8855374722280',378.20,'pending','2025-02-06 04:35:51','2025-03-01 01:31:18','2025-03-01 01:31:18'),(193,4,'ORD-4133937063765',433.80,'pending','2024-12-10 14:17:43','2025-03-01 01:31:18','2025-03-01 01:31:18'),(194,4,'ORD-3280126885827',455.00,'cancelled','2024-05-17 10:29:03','2025-03-01 01:31:18','2025-03-01 01:31:18'),(195,4,'ORD-8343026187641',144.99,'completed','2024-06-11 03:37:20','2025-03-01 01:31:18','2025-03-01 01:31:18'),(196,4,'ORD-2207878148783',99.10,'cancelled','2024-06-18 18:23:29','2025-03-01 01:31:18','2025-03-01 01:31:18'),(197,4,'ORD-0034681273658',153.36,'pending','2024-10-25 20:18:55','2025-03-01 01:31:18','2025-03-01 01:31:18'),(198,4,'ORD-4674772877974',291.98,'completed','2024-05-14 11:51:14','2025-03-01 01:31:18','2025-03-01 01:31:18'),(199,4,'ORD-5292606070482',461.94,'pending','2024-10-30 03:10:50','2025-03-01 01:31:18','2025-03-01 01:31:18'),(200,4,'ORD-3839025676943',168.78,'cancelled','2024-10-04 22:47:44','2025-03-01 01:31:18','2025-03-01 01:31:18'),(201,4,'ORD-5944625353399',217.26,'pending','2024-07-08 08:34:05','2025-03-01 01:31:18','2025-03-01 01:31:18'),(202,5,'ORD-6224953318836',111.15,'pending','2024-10-15 10:36:03','2025-03-01 01:31:18','2025-03-01 01:31:18'),(203,5,'ORD-9990610087355',415.18,'completed','2024-07-06 22:27:07','2025-03-01 01:31:18','2025-03-01 01:31:18'),(204,5,'ORD-5731768398750',180.30,'pending','2024-06-05 04:25:09','2025-03-01 01:31:18','2025-03-01 01:31:18'),(205,5,'ORD-6972927882441',487.43,'cancelled','2024-06-05 06:16:46','2025-03-01 01:31:18','2025-03-01 01:31:18'),(206,5,'ORD-9334832275662',258.38,'completed','2024-10-18 03:50:28','2025-03-01 01:31:18','2025-03-01 01:31:18'),(207,5,'ORD-4586077723423',370.79,'cancelled','2024-04-06 04:28:27','2025-03-01 01:31:18','2025-03-01 01:31:18'),(208,5,'ORD-5552066177271',363.79,'cancelled','2024-12-24 10:23:43','2025-03-01 01:31:18','2025-03-01 01:31:18'),(209,5,'ORD-5614712560119',347.58,'pending','2025-02-09 10:23:03','2025-03-01 01:31:18','2025-03-01 01:31:18'),(210,5,'ORD-9849561181248',356.02,'cancelled','2024-07-19 18:48:13','2025-03-01 01:31:18','2025-03-01 01:31:18'),(211,5,'ORD-7987338635833',396.83,'cancelled','2024-12-13 08:34:07','2025-03-01 01:31:18','2025-03-01 01:31:18'),(212,5,'ORD-7417470039330',159.78,'completed','2025-01-28 09:16:10','2025-03-01 01:31:18','2025-03-01 01:31:18'),(213,5,'ORD-5974113839974',109.12,'completed','2024-08-21 13:41:02','2025-03-01 01:31:18','2025-03-01 01:31:18'),(214,5,'ORD-9636292748594',81.83,'cancelled','2024-09-07 13:40:21','2025-03-01 01:31:18','2025-03-01 01:31:18'),(215,5,'ORD-0551839788697',287.68,'cancelled','2024-06-24 00:28:32','2025-03-01 01:31:18','2025-03-01 01:31:18'),(216,5,'ORD-4500667796670',478.86,'pending','2025-01-22 00:30:25','2025-03-01 01:31:18','2025-03-01 01:31:18'),(217,5,'ORD-3696446114206',366.50,'pending','2024-11-10 00:40:20','2025-03-01 01:31:18','2025-03-01 01:31:18'),(218,5,'ORD-5765886677860',200.23,'completed','2024-08-07 09:26:59','2025-03-01 01:31:18','2025-03-01 01:31:18'),(219,5,'ORD-9616540788391',11.44,'pending','2024-07-10 15:54:49','2025-03-01 01:31:18','2025-03-01 01:31:18'),(220,5,'ORD-2371105066365',458.94,'cancelled','2024-12-21 09:24:14','2025-03-01 01:31:18','2025-03-01 01:31:18'),(221,5,'ORD-9317223601757',469.81,'completed','2025-01-14 00:24:46','2025-03-01 01:31:18','2025-03-01 01:31:18'),(222,5,'ORD-8900868524630',269.88,'completed','2025-01-29 20:53:48','2025-03-01 01:31:18','2025-03-01 01:31:18'),(223,5,'ORD-8506976795272',356.47,'completed','2024-04-25 08:15:19','2025-03-01 01:31:18','2025-03-01 01:31:18'),(224,5,'ORD-4362167699099',367.12,'completed','2024-04-25 16:35:03','2025-03-01 01:31:18','2025-03-01 01:31:18'),(225,5,'ORD-7297860439184',305.51,'cancelled','2024-07-24 23:34:24','2025-03-01 01:31:18','2025-03-01 01:31:18'),(226,5,'ORD-2415209131909',303.14,'cancelled','2024-05-08 13:51:02','2025-03-01 01:31:18','2025-03-01 01:31:18'),(227,5,'ORD-6494304122784',18.30,'cancelled','2024-05-15 22:21:16','2025-03-01 01:31:18','2025-03-01 01:31:18'),(228,5,'ORD-2569255210720',211.55,'pending','2024-07-26 19:55:44','2025-03-01 01:31:18','2025-03-01 01:31:18'),(229,5,'ORD-0957525522355',413.10,'pending','2024-09-04 04:47:17','2025-03-01 01:31:18','2025-03-01 01:31:18'),(230,5,'ORD-1638474813786',106.00,'completed','2024-12-25 23:56:20','2025-03-01 01:31:18','2025-03-01 01:31:18'),(231,5,'ORD-4486975708351',348.64,'completed','2025-02-27 08:41:46','2025-03-01 01:31:18','2025-03-01 01:31:18'),(232,5,'ORD-5581211112703',491.02,'pending','2024-10-14 05:50:03','2025-03-01 01:31:18','2025-03-01 01:31:18'),(233,5,'ORD-0814302456368',132.60,'completed','2024-10-17 10:18:12','2025-03-01 01:31:18','2025-03-01 01:31:18'),(234,5,'ORD-3162418841306',437.44,'pending','2024-03-09 10:48:26','2025-03-01 01:31:18','2025-03-01 01:31:18'),(235,5,'ORD-4766274504404',176.49,'pending','2024-11-20 13:11:48','2025-03-01 01:31:18','2025-03-01 01:31:18'),(236,5,'ORD-5711188940929',266.53,'cancelled','2024-04-10 02:12:34','2025-03-01 01:31:18','2025-03-01 01:31:18'),(237,5,'ORD-7743060783849',117.13,'completed','2024-08-14 18:16:24','2025-03-01 01:31:18','2025-03-01 01:31:18'),(238,5,'ORD-6154646818697',474.68,'pending','2024-11-13 20:22:29','2025-03-01 01:31:18','2025-03-01 01:31:18'),(239,5,'ORD-1542530118200',319.96,'pending','2024-07-14 00:20:07','2025-03-01 01:31:18','2025-03-01 01:31:18'),(240,5,'ORD-9002262112823',307.20,'cancelled','2024-04-21 21:22:34','2025-03-01 01:31:18','2025-03-01 01:31:18'),(241,5,'ORD-8705999683074',288.56,'pending','2025-02-26 20:26:02','2025-03-01 01:31:18','2025-03-01 01:31:18'),(242,5,'ORD-6982204486578',37.98,'pending','2024-04-05 01:46:26','2025-03-01 01:31:18','2025-03-01 01:31:18'),(243,5,'ORD-0303940631979',145.10,'completed','2024-05-21 02:43:02','2025-03-01 01:31:18','2025-03-01 01:31:18'),(244,5,'ORD-7750675379795',153.46,'pending','2024-08-07 23:03:42','2025-03-01 01:31:18','2025-03-01 01:31:18'),(245,5,'ORD-6095048312999',447.97,'completed','2024-11-23 16:18:12','2025-03-01 01:31:18','2025-03-01 01:31:18'),(246,5,'ORD-5030257522472',213.33,'pending','2024-09-29 09:04:37','2025-03-01 01:31:18','2025-03-01 01:31:18'),(247,5,'ORD-8104693084401',20.59,'completed','2024-06-21 18:57:59','2025-03-01 01:31:18','2025-03-01 01:31:18'),(248,5,'ORD-9920368188549',24.49,'pending','2024-04-04 15:21:16','2025-03-01 01:31:18','2025-03-01 01:31:18'),(249,5,'ORD-2177772369483',453.15,'cancelled','2024-04-21 18:58:37','2025-03-01 01:31:18','2025-03-01 01:31:18'),(250,5,'ORD-9094403610328',23.45,'pending','2025-01-07 23:47:07','2025-03-01 01:31:18','2025-03-01 01:31:18'),(251,5,'ORD-0287434796943',289.97,'completed','2024-09-16 02:40:48','2025-03-01 01:31:18','2025-03-01 01:31:18'),(252,5,'ORD-6758115418117',484.99,'cancelled','2024-05-28 16:29:11','2025-03-01 01:31:18','2025-03-01 01:31:18'),(253,5,'ORD-7948021160089',444.04,'pending','2024-09-29 14:38:47','2025-03-01 01:31:18','2025-03-01 01:31:18'),(254,5,'ORD-5666928461237',131.24,'completed','2024-04-12 08:08:29','2025-03-01 01:31:18','2025-03-01 01:31:18'),(255,5,'ORD-5656790581667',408.86,'completed','2024-03-09 14:28:58','2025-03-01 01:31:18','2025-03-01 01:31:18'),(256,5,'ORD-3580233301489',62.67,'completed','2024-11-17 07:15:23','2025-03-01 01:31:18','2025-03-01 01:31:18'),(257,5,'ORD-2647469598769',377.77,'completed','2024-03-20 20:06:08','2025-03-01 01:31:18','2025-03-01 01:31:18'),(258,5,'ORD-9770734992646',351.03,'cancelled','2024-11-24 15:07:10','2025-03-01 01:31:18','2025-03-01 01:31:18'),(259,5,'ORD-2637090545621',13.81,'pending','2024-10-10 16:14:30','2025-03-01 01:31:18','2025-03-01 01:31:18'),(260,5,'ORD-5043341922544',281.62,'pending','2024-09-13 02:02:20','2025-03-01 01:31:18','2025-03-01 01:31:18'),(261,5,'ORD-0705388061682',297.04,'pending','2024-05-13 08:58:47','2025-03-01 01:31:18','2025-03-01 01:31:18'),(262,5,'ORD-3310642980954',163.80,'pending','2025-01-28 03:37:05','2025-03-01 01:31:18','2025-03-01 01:31:18'),(263,5,'ORD-9598725560683',450.61,'completed','2024-04-11 09:12:05','2025-03-01 01:31:18','2025-03-01 01:31:18'),(264,5,'ORD-5538040452665',474.72,'cancelled','2024-09-04 01:31:21','2025-03-01 01:31:19','2025-03-01 01:31:19'),(265,5,'ORD-5392825406094',48.77,'cancelled','2024-03-30 05:09:49','2025-03-01 01:31:19','2025-03-01 01:31:19'),(266,5,'ORD-5662273144860',409.80,'completed','2024-06-16 10:12:14','2025-03-01 01:31:19','2025-03-01 01:31:19'),(267,5,'ORD-3930142850493',366.35,'pending','2024-09-06 05:25:09','2025-03-01 01:31:19','2025-03-01 01:31:19'),(268,5,'ORD-3482603683879',60.06,'completed','2025-01-13 14:07:52','2025-03-01 01:31:19','2025-03-01 01:31:19'),(269,5,'ORD-8100182353026',262.86,'cancelled','2024-05-25 09:06:55','2025-03-01 01:31:19','2025-03-01 01:31:19'),(270,5,'ORD-3144447454438',21.09,'completed','2024-10-14 00:29:08','2025-03-01 01:31:19','2025-03-01 01:31:19'),(271,5,'ORD-9638752980639',264.64,'pending','2024-11-23 12:15:32','2025-03-01 01:31:19','2025-03-01 01:31:19'),(272,5,'ORD-9385393119237',426.72,'cancelled','2024-11-18 19:25:20','2025-03-01 01:31:19','2025-03-01 01:31:19'),(273,5,'ORD-8524862860064',451.26,'completed','2024-11-05 05:41:10','2025-03-01 01:31:19','2025-03-01 01:31:19'),(274,5,'ORD-1600394454294',219.50,'completed','2025-01-19 14:10:41','2025-03-01 01:31:19','2025-03-01 01:31:19'),(275,5,'ORD-5969851325066',149.47,'pending','2024-05-03 21:05:01','2025-03-01 01:31:19','2025-03-01 01:31:19'),(276,6,'ORD-6684713778981',186.91,'pending','2024-10-11 15:20:56','2025-03-01 01:31:19','2025-03-01 01:31:19'),(277,6,'ORD-6141019849618',448.38,'completed','2024-10-14 09:17:33','2025-03-01 01:31:19','2025-03-01 01:31:19'),(278,6,'ORD-5063722891003',311.20,'cancelled','2024-12-18 11:38:03','2025-03-01 01:31:19','2025-03-01 01:31:19'),(279,6,'ORD-7028115563500',408.71,'pending','2025-01-12 02:59:16','2025-03-01 01:31:19','2025-03-01 01:31:19'),(280,6,'ORD-1362726504126',360.64,'cancelled','2025-01-01 19:17:40','2025-03-01 01:31:19','2025-03-01 01:31:19'),(281,6,'ORD-1157851548060',224.37,'completed','2025-01-13 18:19:02','2025-03-01 01:31:19','2025-03-01 01:31:19'),(282,6,'ORD-0932348568584',49.67,'pending','2025-02-21 14:10:02','2025-03-01 01:31:19','2025-03-01 01:31:19'),(283,6,'ORD-6001772264362',290.86,'pending','2024-06-18 08:32:20','2025-03-01 01:31:19','2025-03-01 01:31:19'),(284,6,'ORD-5711533147661',92.00,'cancelled','2024-07-27 12:05:28','2025-03-01 01:31:19','2025-03-01 01:31:19'),(285,6,'ORD-7626269411864',97.08,'cancelled','2024-04-29 14:31:39','2025-03-01 01:31:19','2025-03-01 01:31:19'),(286,6,'ORD-5114730036549',120.64,'completed','2025-01-24 04:56:25','2025-03-01 01:31:19','2025-03-01 01:31:19'),(287,6,'ORD-3882124144556',254.06,'completed','2024-09-23 09:18:44','2025-03-01 01:31:19','2025-03-01 01:31:19'),(288,6,'ORD-4712936523644',399.35,'cancelled','2024-03-18 20:25:32','2025-03-01 01:31:19','2025-03-01 01:31:19'),(289,6,'ORD-2572060170616',471.23,'pending','2024-11-14 11:02:41','2025-03-01 01:31:19','2025-03-01 01:31:19'),(290,6,'ORD-6562133307190',382.55,'cancelled','2024-10-21 15:08:30','2025-03-01 01:31:19','2025-03-01 01:31:19'),(291,6,'ORD-6204751105317',281.95,'cancelled','2025-01-27 05:36:35','2025-03-01 01:31:19','2025-03-01 01:31:19'),(292,6,'ORD-9248730141961',357.37,'cancelled','2025-01-28 07:16:10','2025-03-01 01:31:19','2025-03-01 01:31:19'),(293,6,'ORD-3320634733450',208.53,'pending','2024-05-13 17:30:31','2025-03-01 01:31:19','2025-03-01 01:31:19'),(294,6,'ORD-4011303803636',373.80,'completed','2025-02-21 12:28:26','2025-03-01 01:31:19','2025-03-01 01:31:19'),(295,6,'ORD-6814298242173',467.26,'completed','2024-06-25 19:17:31','2025-03-01 01:31:19','2025-03-01 01:31:19'),(296,6,'ORD-5676774994162',314.55,'cancelled','2024-10-17 02:28:16','2025-03-01 01:31:19','2025-03-01 01:31:19'),(297,6,'ORD-3240494516751',88.48,'completed','2024-07-29 04:05:27','2025-03-01 01:31:19','2025-03-01 01:31:19'),(298,6,'ORD-0257878382019',201.66,'cancelled','2024-05-06 02:24:26','2025-03-01 01:31:19','2025-03-01 01:31:19'),(299,6,'ORD-0417268772600',269.54,'completed','2024-12-28 08:58:49','2025-03-01 01:31:19','2025-03-01 01:31:19'),(300,6,'ORD-9506159282519',191.10,'cancelled','2024-11-16 06:33:23','2025-03-01 01:31:19','2025-03-01 01:31:19'),(301,6,'ORD-8823363488684',171.06,'cancelled','2024-05-08 13:46:37','2025-03-01 01:31:19','2025-03-01 01:31:19'),(302,6,'ORD-8732289540690',60.58,'pending','2025-02-28 14:17:02','2025-03-01 01:31:19','2025-03-01 01:31:19'),(303,6,'ORD-8366316884886',20.77,'completed','2024-04-27 11:01:07','2025-03-01 01:31:19','2025-03-01 01:31:19'),(304,6,'ORD-7894193445129',184.13,'completed','2024-05-21 00:41:14','2025-03-01 01:31:19','2025-03-01 01:31:19'),(305,6,'ORD-5830211908533',291.99,'pending','2024-07-20 00:28:58','2025-03-01 01:31:19','2025-03-01 01:31:19'),(306,6,'ORD-9360374858848',401.60,'completed','2025-02-17 21:50:58','2025-03-01 01:31:19','2025-03-01 01:31:19'),(307,6,'ORD-1041504925390',257.96,'cancelled','2024-12-07 05:10:28','2025-03-01 01:31:19','2025-03-01 01:31:19'),(308,6,'ORD-4184832371881',68.70,'cancelled','2025-01-06 09:38:42','2025-03-01 01:31:19','2025-03-01 01:31:19'),(309,6,'ORD-8245195493703',419.04,'completed','2025-02-14 13:30:32','2025-03-01 01:31:19','2025-03-01 01:31:19'),(310,6,'ORD-9801423856746',122.52,'pending','2024-06-18 21:39:15','2025-03-01 01:31:19','2025-03-01 01:31:19'),(311,6,'ORD-7682516995314',23.16,'pending','2025-02-07 06:02:04','2025-03-01 01:31:19','2025-03-01 01:31:19'),(312,6,'ORD-8931888668940',397.84,'completed','2025-01-22 02:02:26','2025-03-01 01:31:19','2025-03-01 01:31:19'),(313,6,'ORD-3779285974145',314.95,'cancelled','2025-02-10 21:40:50','2025-03-01 01:31:19','2025-03-01 01:31:19'),(314,6,'ORD-5129180606145',211.97,'completed','2025-01-21 19:32:05','2025-03-01 01:31:19','2025-03-01 01:31:19'),(315,6,'ORD-9217530941047',498.50,'cancelled','2024-06-07 04:39:53','2025-03-01 01:31:19','2025-03-01 01:31:19'),(316,6,'ORD-5549103489117',120.91,'cancelled','2024-11-27 11:45:19','2025-03-01 01:31:19','2025-03-01 01:31:19'),(317,6,'ORD-1553951261084',176.09,'cancelled','2024-08-20 23:00:38','2025-03-01 01:31:19','2025-03-01 01:31:19'),(318,6,'ORD-8208174086899',194.36,'cancelled','2024-07-28 09:49:06','2025-03-01 01:31:19','2025-03-01 01:31:19'),(319,6,'ORD-2830992331036',138.34,'cancelled','2024-11-13 07:25:23','2025-03-01 01:31:19','2025-03-01 01:31:19'),(320,6,'ORD-5824701579250',335.07,'completed','2024-12-19 10:25:25','2025-03-01 01:31:19','2025-03-01 01:31:19'),(321,6,'ORD-3013131392904',351.06,'cancelled','2024-09-10 20:46:52','2025-03-01 01:31:19','2025-03-01 01:31:19'),(322,6,'ORD-0623812187122',189.00,'completed','2024-10-28 08:11:31','2025-03-01 01:31:19','2025-03-01 01:31:19'),(323,6,'ORD-1865624876723',405.46,'pending','2025-01-07 13:40:16','2025-03-01 01:31:19','2025-03-01 01:31:19'),(324,7,'ORD-6761677876084',69.20,'completed','2024-08-02 04:55:54','2025-03-01 01:31:19','2025-03-01 01:31:19'),(325,8,'ORD-6716410363183',368.13,'cancelled','2024-06-14 15:53:14','2025-03-01 01:31:20','2025-03-01 01:31:20'),(326,8,'ORD-8642534739941',445.92,'completed','2025-02-18 13:53:01','2025-03-01 01:31:20','2025-03-01 01:31:20'),(327,8,'ORD-5221827711051',17.18,'pending','2024-11-25 17:29:37','2025-03-01 01:31:20','2025-03-01 01:31:20'),(328,8,'ORD-5719701261344',374.53,'pending','2025-01-17 03:32:33','2025-03-01 01:31:20','2025-03-01 01:31:20'),(329,8,'ORD-6992067711055',448.71,'completed','2025-01-10 12:15:56','2025-03-01 01:31:20','2025-03-01 01:31:20'),(330,8,'ORD-8913454305774',40.47,'cancelled','2024-05-03 16:01:03','2025-03-01 01:31:20','2025-03-01 01:31:20'),(331,8,'ORD-6686222219044',228.46,'cancelled','2025-01-25 19:14:30','2025-03-01 01:31:20','2025-03-01 01:31:20'),(332,8,'ORD-7965291634659',449.60,'completed','2024-05-15 09:36:18','2025-03-01 01:31:20','2025-03-01 01:31:20'),(333,8,'ORD-9705276781712',280.66,'pending','2024-04-30 00:19:56','2025-03-01 01:31:20','2025-03-01 01:31:20'),(334,8,'ORD-9492637105162',468.68,'pending','2024-11-21 04:28:54','2025-03-01 01:31:20','2025-03-01 01:31:20'),(335,8,'ORD-8057445904665',356.35,'pending','2025-02-27 04:31:01','2025-03-01 01:31:20','2025-03-01 01:31:20'),(336,8,'ORD-5658449438735',338.98,'cancelled','2024-05-25 15:27:10','2025-03-01 01:31:20','2025-03-01 01:31:20'),(337,8,'ORD-9212823681213',26.64,'pending','2024-04-21 17:08:00','2025-03-01 01:31:20','2025-03-01 01:31:20'),(338,8,'ORD-0455967549258',373.26,'cancelled','2024-04-18 06:35:16','2025-03-01 01:31:20','2025-03-01 01:31:20'),(339,8,'ORD-1400320538207',285.17,'completed','2024-10-23 21:09:04','2025-03-01 01:31:20','2025-03-01 01:31:20'),(340,8,'ORD-5061593234655',65.67,'completed','2024-04-04 17:37:16','2025-03-01 01:31:20','2025-03-01 01:31:20'),(341,8,'ORD-8540178367305',283.85,'cancelled','2024-06-16 17:05:40','2025-03-01 01:31:20','2025-03-01 01:31:20'),(342,8,'ORD-8275595950158',105.63,'pending','2025-01-15 15:23:42','2025-03-01 01:31:20','2025-03-01 01:31:20'),(343,8,'ORD-3907051017437',72.11,'completed','2024-04-20 13:35:53','2025-03-01 01:31:20','2025-03-01 01:31:20'),(344,8,'ORD-9188364536470',51.60,'pending','2024-08-09 18:14:49','2025-03-01 01:31:20','2025-03-01 01:31:20'),(345,8,'ORD-4580492397552',462.83,'pending','2024-05-15 20:53:04','2025-03-01 01:31:20','2025-03-01 01:31:20'),(346,8,'ORD-5148889858298',344.42,'completed','2024-03-20 04:14:26','2025-03-01 01:31:20','2025-03-01 01:31:20'),(347,8,'ORD-0212678556718',106.92,'cancelled','2024-07-07 10:57:33','2025-03-01 01:31:20','2025-03-01 01:31:20'),(348,8,'ORD-5228516103365',452.98,'completed','2024-12-12 19:23:09','2025-03-01 01:31:20','2025-03-01 01:31:20'),(349,8,'ORD-0824410011480',469.74,'pending','2024-03-14 15:12:55','2025-03-01 01:31:20','2025-03-01 01:31:20'),(350,8,'ORD-3361525367838',301.93,'completed','2024-05-14 13:20:54','2025-03-01 01:31:20','2025-03-01 01:31:20'),(351,8,'ORD-1734463669420',55.71,'pending','2024-06-04 16:37:17','2025-03-01 01:31:20','2025-03-01 01:31:20'),(352,8,'ORD-8730453385637',118.47,'pending','2024-12-26 16:14:47','2025-03-01 01:31:20','2025-03-01 01:31:20'),(353,8,'ORD-6422278228676',14.95,'completed','2024-12-14 05:45:42','2025-03-01 01:31:20','2025-03-01 01:31:20'),(354,8,'ORD-3809412073681',245.68,'cancelled','2024-11-23 12:16:03','2025-03-01 01:31:20','2025-03-01 01:31:20'),(355,8,'ORD-0708205046121',330.34,'completed','2024-05-29 20:18:44','2025-03-01 01:31:20','2025-03-01 01:31:20'),(356,8,'ORD-2954757506543',223.80,'pending','2024-09-09 21:00:00','2025-03-01 01:31:20','2025-03-01 01:31:20'),(357,8,'ORD-2112541577323',154.35,'completed','2024-11-22 10:53:07','2025-03-01 01:31:20','2025-03-01 01:31:20'),(358,8,'ORD-4705361792078',171.23,'cancelled','2024-08-04 07:06:33','2025-03-01 01:31:20','2025-03-01 01:31:20'),(359,8,'ORD-4365239860091',329.91,'pending','2024-04-12 18:42:56','2025-03-01 01:31:20','2025-03-01 01:31:20'),(360,8,'ORD-2876059164466',393.82,'pending','2024-04-03 15:38:32','2025-03-01 01:31:20','2025-03-01 01:31:20'),(361,8,'ORD-5136217772686',271.64,'pending','2025-01-29 17:27:29','2025-03-01 01:31:20','2025-03-01 01:31:20'),(362,8,'ORD-3140240751806',205.59,'completed','2024-11-17 21:52:02','2025-03-01 01:31:20','2025-03-01 01:31:20'),(363,8,'ORD-9606010920913',406.00,'pending','2024-03-05 03:51:42','2025-03-01 01:31:20','2025-03-01 01:31:20'),(364,8,'ORD-7640706766919',437.90,'completed','2024-09-20 23:56:34','2025-03-01 01:31:20','2025-03-01 01:31:20'),(365,8,'ORD-1701602851382',478.92,'pending','2024-08-08 05:11:51','2025-03-01 01:31:20','2025-03-01 01:31:20'),(366,8,'ORD-1060914058871',39.82,'completed','2024-07-25 08:39:44','2025-03-01 01:31:20','2025-03-01 01:31:20'),(367,8,'ORD-5355307514463',337.45,'pending','2024-08-18 00:24:24','2025-03-01 01:31:20','2025-03-01 01:31:20'),(368,8,'ORD-3951780412082',489.57,'cancelled','2024-11-06 22:03:28','2025-03-01 01:31:20','2025-03-01 01:31:20'),(369,8,'ORD-0670478402402',195.22,'pending','2024-04-27 20:10:10','2025-03-01 01:31:20','2025-03-01 01:31:20'),(370,8,'ORD-9381791055340',175.54,'pending','2024-10-20 11:35:48','2025-03-01 01:31:20','2025-03-01 01:31:20'),(371,8,'ORD-5762303346220',212.73,'completed','2024-05-29 23:41:41','2025-03-01 01:31:20','2025-03-01 01:31:20'),(372,8,'ORD-8044031052731',373.45,'cancelled','2024-09-14 17:02:11','2025-03-01 01:31:20','2025-03-01 01:31:20'),(373,8,'ORD-2633440390926',220.64,'cancelled','2024-10-01 23:48:11','2025-03-01 01:31:20','2025-03-01 01:31:20'),(374,8,'ORD-8811723948792',273.34,'cancelled','2024-06-30 23:50:48','2025-03-01 01:31:20','2025-03-01 01:31:20'),(375,8,'ORD-4619811238238',425.24,'pending','2024-07-03 13:09:14','2025-03-01 01:31:20','2025-03-01 01:31:20'),(376,8,'ORD-8192471620255',344.50,'cancelled','2024-11-08 18:16:16','2025-03-01 01:31:20','2025-03-01 01:31:20'),(377,8,'ORD-0826232426221',423.75,'pending','2024-03-06 23:31:43','2025-03-01 01:31:20','2025-03-01 01:31:20'),(378,9,'ORD-0594684880672',361.09,'pending','2024-03-03 06:55:26','2025-03-01 01:31:20','2025-03-01 01:31:20'),(379,9,'ORD-4699760428711',130.72,'completed','2024-09-08 13:28:55','2025-03-01 01:31:20','2025-03-01 01:31:20'),(380,9,'ORD-0653368508775',341.94,'completed','2024-03-04 03:56:04','2025-03-01 01:31:20','2025-03-01 01:31:20'),(381,9,'ORD-8802269908836',194.22,'pending','2024-10-05 07:30:10','2025-03-01 01:31:20','2025-03-01 01:31:20'),(382,9,'ORD-0227667280087',394.98,'cancelled','2024-12-29 17:58:57','2025-03-01 01:31:20','2025-03-01 01:31:20'),(383,9,'ORD-9877422799112',248.65,'pending','2024-06-08 00:27:38','2025-03-01 01:31:20','2025-03-01 01:31:20'),(384,9,'ORD-3062846111432',95.20,'completed','2024-09-10 04:17:37','2025-03-01 01:31:20','2025-03-01 01:31:20'),(385,9,'ORD-9049806765803',43.96,'completed','2025-02-05 05:06:04','2025-03-01 01:31:20','2025-03-01 01:31:20'),(386,9,'ORD-9287299412147',418.76,'cancelled','2024-07-03 12:57:18','2025-03-01 01:31:20','2025-03-01 01:31:20'),(387,9,'ORD-9285629261880',367.77,'pending','2024-03-11 23:00:29','2025-03-01 01:31:20','2025-03-01 01:31:20'),(388,9,'ORD-9591089022700',419.86,'cancelled','2024-06-23 00:13:12','2025-03-01 01:31:20','2025-03-01 01:31:20'),(389,9,'ORD-9350269868355',323.11,'pending','2024-06-18 02:37:59','2025-03-01 01:31:20','2025-03-01 01:31:20'),(390,9,'ORD-9566822321151',142.81,'cancelled','2024-07-08 08:29:31','2025-03-01 01:31:20','2025-03-01 01:31:20'),(391,9,'ORD-5578087068823',350.76,'cancelled','2024-05-12 05:54:46','2025-03-01 01:31:20','2025-03-01 01:31:20'),(392,9,'ORD-2409354927065',324.84,'completed','2024-07-18 09:29:04','2025-03-01 01:31:20','2025-03-01 01:31:20'),(393,9,'ORD-6770345390459',229.19,'completed','2024-11-14 04:46:35','2025-03-01 01:31:20','2025-03-01 01:31:20'),(394,9,'ORD-8643838265661',336.86,'pending','2024-12-06 15:44:29','2025-03-01 01:31:20','2025-03-01 01:31:20'),(395,9,'ORD-4063923877852',234.67,'cancelled','2024-09-22 07:43:44','2025-03-01 01:31:20','2025-03-01 01:31:20'),(396,9,'ORD-4022269683315',486.59,'completed','2024-09-04 00:41:01','2025-03-01 01:31:20','2025-03-01 01:31:20'),(397,9,'ORD-9157336221340',141.94,'pending','2024-11-11 03:37:40','2025-03-01 01:31:20','2025-03-01 01:31:20'),(398,9,'ORD-5343926821779',166.08,'cancelled','2024-12-10 22:37:04','2025-03-01 01:31:20','2025-03-01 01:31:20'),(399,9,'ORD-4746061483749',401.94,'cancelled','2024-11-03 21:33:23','2025-03-01 01:31:20','2025-03-01 01:31:20'),(400,9,'ORD-1633651809461',38.69,'completed','2024-11-03 02:54:39','2025-03-01 01:31:20','2025-03-01 01:31:20'),(401,9,'ORD-4700424098762',90.11,'completed','2024-04-01 20:29:32','2025-03-01 01:31:20','2025-03-01 01:31:20'),(402,10,'ORD-2857057908970',325.24,'pending','2024-03-06 06:58:17','2025-03-01 01:31:20','2025-03-01 01:31:20'),(403,10,'ORD-0632030022478',120.38,'cancelled','2024-07-02 21:30:31','2025-03-01 01:31:20','2025-03-01 01:31:20'),(404,10,'ORD-4584795277320',27.47,'pending','2024-05-05 01:36:21','2025-03-01 01:31:20','2025-03-01 01:31:20'),(405,10,'ORD-6608898916616',490.06,'pending','2024-10-17 22:46:17','2025-03-01 01:31:21','2025-03-01 01:31:21'),(406,10,'ORD-6707880499083',142.98,'completed','2024-09-11 09:33:49','2025-03-01 01:31:21','2025-03-01 01:31:21'),(407,10,'ORD-2544393200510',291.39,'cancelled','2024-12-06 20:49:17','2025-03-01 01:31:21','2025-03-01 01:31:21'),(408,10,'ORD-7167640844495',51.95,'pending','2024-04-12 18:24:56','2025-03-01 01:31:21','2025-03-01 01:31:21'),(409,10,'ORD-9982157807842',148.71,'pending','2024-09-18 17:23:29','2025-03-01 01:31:21','2025-03-01 01:31:21'),(410,10,'ORD-3487019804173',301.03,'pending','2024-08-06 01:45:41','2025-03-01 01:31:21','2025-03-01 01:31:21'),(411,10,'ORD-8977899260319',265.79,'cancelled','2024-07-22 07:09:47','2025-03-01 01:31:21','2025-03-01 01:31:21'),(412,10,'ORD-6493281109081',56.11,'cancelled','2025-01-15 14:55:20','2025-03-01 01:31:21','2025-03-01 01:31:21'),(413,10,'ORD-8075049990738',48.80,'cancelled','2024-08-29 00:20:49','2025-03-01 01:31:21','2025-03-01 01:31:21'),(414,10,'ORD-7125665168606',291.81,'cancelled','2025-01-23 11:21:25','2025-03-01 01:31:21','2025-03-01 01:31:21'),(415,10,'ORD-9849483933055',54.87,'completed','2024-03-07 09:45:02','2025-03-01 01:31:21','2025-03-01 01:31:21'),(416,10,'ORD-0376955441732',180.74,'completed','2024-06-21 09:27:21','2025-03-01 01:31:21','2025-03-01 01:31:21'),(417,10,'ORD-8608962909393',45.81,'completed','2024-06-14 06:36:54','2025-03-01 01:31:21','2025-03-01 01:31:21'),(418,10,'ORD-1458876010453',324.22,'cancelled','2025-01-08 15:48:13','2025-03-01 01:31:21','2025-03-01 01:31:21'),(419,10,'ORD-6585270012339',430.88,'completed','2024-06-08 15:40:32','2025-03-01 01:31:21','2025-03-01 01:31:21'),(420,10,'ORD-4761581673126',260.01,'completed','2024-10-06 19:33:11','2025-03-01 01:31:21','2025-03-01 01:31:21'),(421,10,'ORD-7230013455737',139.29,'pending','2025-02-15 05:37:36','2025-03-01 01:31:21','2025-03-01 01:31:21'),(422,10,'ORD-5551465267433',164.55,'completed','2024-12-03 12:07:40','2025-03-01 01:31:21','2025-03-01 01:31:21'),(423,10,'ORD-5957762034094',187.35,'pending','2024-10-27 05:10:29','2025-03-01 01:31:21','2025-03-01 01:31:21'),(424,10,'ORD-6064087381639',211.41,'cancelled','2024-09-07 02:11:25','2025-03-01 01:31:21','2025-03-01 01:31:21'),(425,10,'ORD-7384442704270',488.45,'pending','2024-04-08 04:07:14','2025-03-01 01:31:21','2025-03-01 01:31:21'),(426,10,'ORD-4592052373831',40.85,'completed','2024-12-02 11:31:32','2025-03-01 01:31:21','2025-03-01 01:31:21'),(427,10,'ORD-4852969023306',383.27,'cancelled','2024-07-11 18:11:48','2025-03-01 01:31:21','2025-03-01 01:31:21'),(428,10,'ORD-9652257753775',105.90,'pending','2024-03-12 22:34:19','2025-03-01 01:31:21','2025-03-01 01:31:21'),(429,10,'ORD-0259636767610',232.63,'completed','2024-04-24 20:25:51','2025-03-01 01:31:21','2025-03-01 01:31:21'),(430,10,'ORD-8327194931966',81.47,'cancelled','2025-01-28 03:52:40','2025-03-01 01:31:21','2025-03-01 01:31:21'),(431,10,'ORD-3961300858869',185.05,'pending','2024-09-10 04:41:56','2025-03-01 01:31:21','2025-03-01 01:31:21'),(432,10,'ORD-5326355329316',271.96,'cancelled','2024-03-05 01:42:35','2025-03-01 01:31:21','2025-03-01 01:31:21'),(433,10,'ORD-2137151317733',101.76,'cancelled','2024-11-30 18:16:23','2025-03-01 01:31:21','2025-03-01 01:31:21'),(434,10,'ORD-8957757643358',89.37,'cancelled','2024-05-02 15:54:07','2025-03-01 01:31:21','2025-03-01 01:31:21'),(435,10,'ORD-0115946697217',361.13,'cancelled','2024-09-21 10:05:53','2025-03-01 01:31:21','2025-03-01 01:31:21'),(436,10,'ORD-3262225145981',447.56,'pending','2025-02-04 15:06:23','2025-03-01 01:31:21','2025-03-01 01:31:21'),(437,10,'ORD-8723706349221',300.78,'cancelled','2024-10-25 21:54:01','2025-03-01 01:31:21','2025-03-01 01:31:21'),(438,10,'ORD-7984172337924',75.83,'completed','2024-12-15 03:14:33','2025-03-01 01:31:21','2025-03-01 01:31:21'),(439,10,'ORD-6419452982552',221.47,'completed','2024-04-28 09:33:15','2025-03-01 01:31:21','2025-03-01 01:31:21'),(440,10,'ORD-7548352661903',101.58,'pending','2024-08-31 12:42:12','2025-03-01 01:31:21','2025-03-01 01:31:21'),(441,10,'ORD-5301965656482',382.90,'completed','2024-08-08 01:39:35','2025-03-01 01:31:21','2025-03-01 01:31:21');
/*!40000 ALTER TABLE `orders` ENABLE KEYS */;
UNLOCK TABLES;

--
-- Table structure for table `password_reset_tokens`
--

DROP TABLE IF EXISTS `password_reset_tokens`;
/*!40101 SET @saved_cs_client     = @@character_set_client */;
/*!50503 SET character_set_client = utf8mb4 */;
CREATE TABLE `password_reset_tokens` (
  `email` varchar(255) COLLATE utf8mb4_unicode_ci NOT NULL,
  `token` varchar(255) COLLATE utf8mb4_unicode_ci NOT NULL,
  `created_at` timestamp NULL DEFAULT NULL,
  PRIMARY KEY (`email`)
) ENGINE=InnoDB DEFAULT CHARSET=utf8mb4 COLLATE=utf8mb4_unicode_ci;
/*!40101 SET character_set_client = @saved_cs_client */;

--
-- Dumping data for table `password_reset_tokens`
--

LOCK TABLES `password_reset_tokens` WRITE;
/*!40000 ALTER TABLE `password_reset_tokens` DISABLE KEYS */;
/*!40000 ALTER TABLE `password_reset_tokens` ENABLE KEYS */;
UNLOCK TABLES;

--
-- Table structure for table `personal_access_tokens`
--

DROP TABLE IF EXISTS `personal_access_tokens`;
/*!40101 SET @saved_cs_client     = @@character_set_client */;
/*!50503 SET character_set_client = utf8mb4 */;
CREATE TABLE `personal_access_tokens` (
  `id` bigint unsigned NOT NULL AUTO_INCREMENT,
  `tokenable_type` varchar(255) COLLATE utf8mb4_unicode_ci NOT NULL,
  `tokenable_id` bigint unsigned NOT NULL,
  `name` varchar(255) COLLATE utf8mb4_unicode_ci NOT NULL,
  `token` varchar(64) COLLATE utf8mb4_unicode_ci NOT NULL,
  `abilities` text COLLATE utf8mb4_unicode_ci,
  `last_used_at` timestamp NULL DEFAULT NULL,
  `expires_at` timestamp NULL DEFAULT NULL,
  `created_at` timestamp NULL DEFAULT NULL,
  `updated_at` timestamp NULL DEFAULT NULL,
  PRIMARY KEY (`id`),
  UNIQUE KEY `personal_access_tokens_token_unique` (`token`),
  KEY `personal_access_tokens_tokenable_type_tokenable_id_index` (`tokenable_type`,`tokenable_id`)
) ENGINE=InnoDB AUTO_INCREMENT=2 DEFAULT CHARSET=utf8mb4 COLLATE=utf8mb4_unicode_ci;
/*!40101 SET character_set_client = @saved_cs_client */;

--
-- Dumping data for table `personal_access_tokens`
--

LOCK TABLES `personal_access_tokens` WRITE;
/*!40000 ALTER TABLE `personal_access_tokens` DISABLE KEYS */;
/*!40000 ALTER TABLE `personal_access_tokens` ENABLE KEYS */;
UNLOCK TABLES;

--
-- Table structure for table `sessions`
--

DROP TABLE IF EXISTS `sessions`;
/*!40101 SET @saved_cs_client     = @@character_set_client */;
/*!50503 SET character_set_client = utf8mb4 */;
CREATE TABLE `sessions` (
  `id` varchar(255) COLLATE utf8mb4_unicode_ci NOT NULL,
  `user_id` bigint unsigned DEFAULT NULL,
  `ip_address` varchar(45) COLLATE utf8mb4_unicode_ci DEFAULT NULL,
  `user_agent` text COLLATE utf8mb4_unicode_ci,
  `payload` longtext COLLATE utf8mb4_unicode_ci NOT NULL,
  `last_activity` int NOT NULL,
  PRIMARY KEY (`id`),
  KEY `sessions_user_id_index` (`user_id`),
  KEY `sessions_last_activity_index` (`last_activity`)
) ENGINE=InnoDB DEFAULT CHARSET=utf8mb4 COLLATE=utf8mb4_unicode_ci;
/*!40101 SET character_set_client = @saved_cs_client */;

--
-- Dumping data for table `sessions`
--

LOCK TABLES `sessions` WRITE;
/*!40000 ALTER TABLE `sessions` DISABLE KEYS */;
/*!40000 ALTER TABLE `sessions` ENABLE KEYS */;
UNLOCK TABLES;

--
-- Table structure for table `users`
--

DROP TABLE IF EXISTS `users`;
/*!40101 SET @saved_cs_client     = @@character_set_client */;
/*!50503 SET character_set_client = utf8mb4 */;
CREATE TABLE `users` (
  `id` bigint unsigned NOT NULL AUTO_INCREMENT,
  `name` varchar(255) COLLATE utf8mb4_unicode_ci NOT NULL,
  `email` varchar(255) COLLATE utf8mb4_unicode_ci NOT NULL,
  `email_verified_at` timestamp NULL DEFAULT NULL,
  `password` varchar(255) COLLATE utf8mb4_unicode_ci NOT NULL,
  `remember_token` varchar(100) COLLATE utf8mb4_unicode_ci DEFAULT NULL,
  `created_at` timestamp NULL DEFAULT NULL,
  `updated_at` timestamp NULL DEFAULT NULL,
  `group_id` bigint unsigned DEFAULT NULL,
  PRIMARY KEY (`id`),
  UNIQUE KEY `users_email_unique` (`email`),
  KEY `users_group_id_foreign` (`group_id`),
  CONSTRAINT `users_group_id_foreign` FOREIGN KEY (`group_id`) REFERENCES `groups` (`id`)
) ENGINE=InnoDB AUTO_INCREMENT=12 DEFAULT CHARSET=utf8mb4 COLLATE=utf8mb4_unicode_ci;
/*!40101 SET character_set_client = @saved_cs_client */;

--
-- Dumping data for table `users`
--

LOCK TABLES `users` WRITE;
/*!40000 ALTER TABLE `users` DISABLE KEYS */;
INSERT INTO `users` VALUES (1,'Camden Steuber','brianne.kohler@example.com','2025-03-01 01:31:14','$2y$12$K/MwSYRyWcvFWbc2r/.oauibDz5ZVRaZddL7z9JV3Hr3lXDi6Qrau','4cHY1T0JDQ','2025-03-01 01:31:14','2025-03-01 01:31:14',NULL),(2,'Clifton Rodriguez','larue.bergstrom@example.org','2025-03-01 01:31:14','$2y$12$K/MwSYRyWcvFWbc2r/.oauibDz5ZVRaZddL7z9JV3Hr3lXDi6Qrau','ymZbYxHn00','2025-03-01 01:31:14','2025-03-01 01:31:14',NULL),(3,'Leola Prohaska','jbatz@example.net','2025-03-01 01:31:14','$2y$12$K/MwSYRyWcvFWbc2r/.oauibDz5ZVRaZddL7z9JV3Hr3lXDi6Qrau','3jWc76rHoO','2025-03-01 01:31:14','2025-03-01 01:31:14',NULL),(4,'Dr. Tyreek Gleason','mrempel@example.org','2025-03-01 01:31:14','$2y$12$K/MwSYRyWcvFWbc2r/.oauibDz5ZVRaZddL7z9JV3Hr3lXDi6Qrau','zVbKAPF8dr','2025-03-01 01:31:14','2025-03-01 01:31:14',NULL),(5,'Miss Daniella Deckow I','cory.cormier@example.net','2025-03-01 01:31:14','$2y$12$K/MwSYRyWcvFWbc2r/.oauibDz5ZVRaZddL7z9JV3Hr3lXDi6Qrau','hPYACT3sgj','2025-03-01 01:31:14','2025-03-01 01:31:14',NULL),(6,'Uriel Kassulke II','zieme.demarco@example.net','2025-03-01 01:31:14','$2y$12$K/MwSYRyWcvFWbc2r/.oauibDz5ZVRaZddL7z9JV3Hr3lXDi6Qrau','lJTu1aqRoD','2025-03-01 01:31:14','2025-03-01 01:31:14',NULL),(7,'Jacquelyn Satterfield','keven.renner@example.org','2025-03-01 01:31:14','$2y$12$K/MwSYRyWcvFWbc2r/.oauibDz5ZVRaZddL7z9JV3Hr3lXDi6Qrau','QzHiUnnOPz','2025-03-01 01:31:14','2025-03-01 01:31:14',NULL),(8,'Mr. Buster Heller Jr.','schuster.dianna@example.org','2025-03-01 01:31:14','$2y$12$K/MwSYRyWcvFWbc2r/.oauibDz5ZVRaZddL7z9JV3Hr3lXDi6Qrau','SsCQNXO7Bw','2025-03-01 01:31:14','2025-03-01 01:31:14',NULL),(9,'Kaylie Schiller','bailey.mills@example.com','2025-03-01 01:31:14','$2y$12$K/MwSYRyWcvFWbc2r/.oauibDz5ZVRaZddL7z9JV3Hr3lXDi6Qrau','C5KJqEQyYG','2025-03-01 01:31:14','2025-03-01 01:31:14',NULL),(10,'Lupe Corkery','zkirlin@example.com','2025-03-01 01:31:14','$2y$12$K/MwSYRyWcvFWbc2r/.oauibDz5ZVRaZddL7z9JV3Hr3lXDi6Qrau','q1GWSmWewK','2025-03-01 01:31:14','2025-03-01 01:31:14',NULL),(11,'admin','admin@example.com',NULL,'$2y$12$NIVA2bgqPfED0kn3P6y67OduyVyQWMVpbhjloYnp12FOznmYIXM3q',NULL,'2025-03-01 01:41:29','2025-03-01 01:41:29',1);
/*!40000 ALTER TABLE `users` ENABLE KEYS */;
UNLOCK TABLES;
/*!40103 SET TIME_ZONE=@OLD_TIME_ZONE */;

/*!40101 SET SQL_MODE=@OLD_SQL_MODE */;
/*!40014 SET FOREIGN_KEY_CHECKS=@OLD_FOREIGN_KEY_CHECKS */;
/*!40014 SET UNIQUE_CHECKS=@OLD_UNIQUE_CHECKS */;
/*!40101 SET CHARACTER_SET_CLIENT=@OLD_CHARACTER_SET_CLIENT */;
/*!40101 SET CHARACTER_SET_RESULTS=@OLD_CHARACTER_SET_RESULTS */;
/*!40101 SET COLLATION_CONNECTION=@OLD_COLLATION_CONNECTION */;
/*!40111 SET SQL_NOTES=@OLD_SQL_NOTES */;

-- Dump completed on 2025-03-01  4:00:33
